{
    "name": "root",
    "metadata": {
        "timer_format_version": "0.1.0",
        "start_time_seconds": "1711060109",
        "python_version": "3.9.13 (tags/v3.9.13:6de2ca5, May 17 2022, 16:36:42) [MSC v.1929 64 bit (AMD64)]",
        "command_line_arguments": "C:\\Users\\ewwes\\AppData\\Local\\Programs\\Python\\Python39\\Scripts\\mlagents-learn --resume",
        "mlagents_version": "1.0.0",
        "mlagents_envs_version": "1.0.0",
        "communication_protocol_version": "1.5.0",
        "pytorch_version": "2.2.1+cpu",
        "numpy_version": "1.21.2",
        "end_time_seconds": "1711060251"
    },
    "total": 142.3777164,
    "count": 1,
    "self": 0.005818299999987175,
    "children": {
        "run_training.setup": {
            "total": 0.07757720000000012,
            "count": 1,
            "self": 0.07757720000000012
        },
        "TrainerController.start_learning": {
            "total": 142.2943209,
            "count": 1,
            "self": 0.07599449999997887,
            "children": {
                "TrainerController._reset_env": {
                    "total": 8.3065022,
                    "count": 1,
                    "self": 8.3065022
                },
                "TrainerController.advance": {
                    "total": 133.7530999,
                    "count": 3156,
                    "self": 0.07645150000013246,
                    "children": {
                        "env_step": {
                            "total": 133.3021113999999,
                            "count": 3156,
                            "self": 129.1611608999996,
                            "children": {
                                "SubprocessEnvManager._take_step": {
                                    "total": 4.090989000000267,
                                    "count": 3156,
                                    "self": 0.2850417000001393,
                                    "children": {
                                        "TorchPolicy.evaluate": {
                                            "total": 3.8059473000001276,
                                            "count": 3156,
                                            "self": 3.8059473000001276
                                        }
                                    }
                                },
                                "workers": {
                                    "total": 0.049961500000009096,
                                    "count": 3155,
                                    "self": 0.0,
                                    "children": {
                                        "worker_root": {
                                            "total": 72.19154440000034,
                                            "count": 3155,
                                            "is_parallel": true,
                                            "self": 9.45046470000063,
                                            "children": {
                                                "steps_from_proto": {
                                                    "total": 0.0037400000000005207,
                                                    "count": 1,
                                                    "is_parallel": true,
                                                    "self": 0.00012100000000003774,
                                                    "children": {
                                                        "_process_rank_one_or_two_observation": {
                                                            "total": 0.003619000000000483,
                                                            "count": 2,
                                                            "is_parallel": true,
                                                            "self": 0.003619000000000483
                                                        }
                                                    }
                                                },
                                                "UnityEnvironment.step": {
                                                    "total": 62.73733969999971,
                                                    "count": 3155,
                                                    "is_parallel": true,
                                                    "self": 0.3307188999994679,
                                                    "children": {
                                                        "UnityEnvironment._generate_step_input": {
                                                            "total": 0.28840230000023936,
                                                            "count": 3155,
                                                            "is_parallel": true,
                                                            "self": 0.28840230000023936
                                                        },
                                                        "communicator.exchange": {
                                                            "total": 61.347508299999916,
                                                            "count": 3155,
                                                            "is_parallel": true,
                                                            "self": 61.347508299999916
                                                        },
                                                        "steps_from_proto": {
                                                            "total": 0.7707102000000798,
                                                            "count": 3155,
                                                            "is_parallel": true,
                                                            "self": 0.34713279999967916,
                                                            "children": {
                                                                "_process_rank_one_or_two_observation": {
                                                                    "total": 0.4235774000004007,
                                                                    "count": 6310,
                                                                    "is_parallel": true,
                                                                    "self": 0.4235774000004007
                                                                }
                                                            }
                                                        }
                                                    }
                                                }
                                            }
                                        }
                                    }
                                }
                            }
                        },
                        "trainer_advance": {
                            "total": 0.3745369999999628,
                            "count": 3155,
                            "self": 0.08565759999971334,
                            "children": {
                                "process_trajectory": {
                                    "total": 0.2888794000002495,
                                    "count": 3155,
                                    "self": 0.2888794000002495
                                }
                            }
                        }
                    }
                },
                "TrainerController._save_models": {
                    "total": 0.15872430000001714,
                    "count": 1,
                    "self": 0.0011040000000264172,
                    "children": {
                        "RLTrainer._checkpoint": {
                            "total": 0.15762029999999072,
                            "count": 1,