{
    "name": "root",
    "gauges": {
        "BlockerBall.Policy.Entropy.mean": {
            "value": 2.686408758163452,
            "min": 2.686408758163452,
            "max": 3.139585018157959,
            "count": 10
        },
        "BlockerBall.Policy.Entropy.sum": {
            "value": 134331.1875,
            "min": 134331.1875,
            "max": 157211.578125,
            "count": 10
        },
        "BlockerBall.Environment.EpisodeLength.mean": {
            "value": 133.76344086021504,
            "min": 133.76344086021504,
            "max": 284.3672316384181,
            "count": 10
        },
        "BlockerBall.Environment.EpisodeLength.sum": {
            "value": 49760.0,
            "min": 48969.0,
            "max": 50333.0,
            "count": 10
        },
        "BlockerBall.Step.mean": {
            "value": 499945.0,
            "min": 49983.0,
            "max": 499945.0,
            "count": 10
        },
        "BlockerBall.Step.sum": {
            "value": 499945.0,
            "min": 49983.0,
            "max": 499945.0,
            "count": 10
        },
        "BlockerBall.Policy.ExtrinsicValueEstimate.mean": {
            "value": 0.32559680938720703,
            "min": 0.20936287939548492,
            "max": 0.5835927724838257,
            "count": 10
        },
        "BlockerBall.Policy.ExtrinsicValueEstimate.sum": {
            "value": 313.22412109375,
            "min": 190.33657836914062,
            "max": 574.2553100585938,
            "count": 10
        },
        "BlockerBall.Environment.CumulativeReward.mean": {
            "value": 0.6540322575958506,
            "min": 0.14838709562055527,
            "max": 0.7307462682919715,
            "count": 10
        },
        "BlockerBall.Environment.CumulativeReward.sum": {
            "value": 243.2999998256564,
            "min": 45.99999964237213,
            "max": 244.79999987781048,
            "count": 10
        },
        "BlockerBall.Policy.ExtrinsicReward.mean": {
            "value": 0.6540322575958506,
            "min": 0.14838709562055527,
            "max": 0.7307462682919715,
            "count": 10
        },
        "BlockerBall.Policy.ExtrinsicReward.sum": {
            "value": 243.2999998256564,
            "min": 45.99999964237213,
            "max": 244.79999987781048,
            "count": 10
        },
        "BlockerBall.Losses.PolicyLoss.mean": {
            "value": 0.02496726257416109,
            "min": 0.022348524714470838,
            "max": 0.02598116269922078,
            "count": 10
        },
        "BlockerBall.Losses.PolicyLoss.sum": {
            "value": 0.12483631287080546,
            "min": 0.09727107253468906,
            "max": 0.12539169526183588,
            "count": 10
        },
        "BlockerBall.Losses.ValueLoss.mean": {
            "value": 0.019470288418233395,
            "min": 0.00859222502913326,
            "max": 0.026394384265101205,
            "count": 10
        },
        "BlockerBall.Losses.ValueLoss.sum": {
            "value": 0.09735144209116697,
            "min": 0.0429611251456663,
            "max": 0.10557753706040482,
            "count": 10
        },
        "BlockerBall.Policy.LearningRate.mean": {
            "value": 1.650105449968e-05,
            "min": 1.650105449968e-05,
            "max": 0.00028458135513955004,
            "count": 10
        },
        "BlockerBall.Policy.LearningRate.sum": {
            "value": 8.250527249840001e-05,
            "min": 8.250527249840001e-05,
            "max": 0.0012843270718909993,
            "count": 10
        },
        "BlockerBall.Policy.Epsilon.mean": {
            "value": 0.10550032000000002,
            "min": 0.10550032000000002,
            "max": 0.19486045000000005,
            "count": 10
        },
        "BlockerBall.Policy.Epsilon.sum": {
            "value": 0.5275016000000001,
            "min": 0.5000838000000001,
            "max": 0.9281089999999999,
            "count": 10
        },
        "BlockerBall.Policy.Beta.mean": {
            "value": 0.0002844659680000001,
            "min": 0.0002844659680000001,
            "max": 0.004743536455,
            "count": 10
        },
        "BlockerBall.Policy.Beta.sum": {
            "value": 0.0014223298400000005,
            "min": 0.0014223298400000005,
            "max": 0.021412639100000002,
            "count": 10
        },
        "BlockerBall.IsTraining.mean": {
            "value": 1.0,
            "min": 1.0,
            "max": 1.0,
            "count": 10
        },
        "BlockerBall.IsTraining.sum": {
            "value": 1.0,
            "min": 1.0,
            "max": 1.0,
            "count": 10
        }
    },
    "metadata": {
        "timer_format_version": "0.1.0",
        "start_time_seconds": "1711090264",
        "python_version": "3.9.13 (tags/v3.9.13:6de2ca5, May 17 2022, 16:36:42) [MSC v.1929 64 bit (AMD64)]",
        "command_line_arguments": "C:\\Users\\leeju\\AppData\\Local\\Programs\\Python\\Python39\\Scripts\\mlagents-learn --force",
        "mlagents_version": "1.0.0",
        "mlagents_envs_version": "1.0.0",
        "communication_protocol_version": "1.5.0",
        "pytorch_version": "2.2.1+cpu",
        "numpy_version": "1.21.2",
        "end_time_seconds": "1711096377"
    },
    "total": 6112.719269,
    "count": 1,
    "self": 0.017896400000608992,
    "children": {
        "run_training.setup": {
            "total": 0.03253649999999997,
            "count": 1,
            "self": 0.03253649999999997
        },
        "TrainerController.start_learning": {
            "total": 6112.6688361,
            "count": 1,
            "self": 12.171363999873392,
            "children": {
                "TrainerController._reset_env": {
                    "total": 11.9397663,
                    "count": 1,
                    "self": 11.9397663
                },
                "TrainerController.advance": {
                    "total": 6088.454051100126,
                    "count": 502786,
                    "self": 11.0193838999312,
                    "children": {
                        "env_step": {
                            "total": 5909.257353100045,
                            "count": 502786,
                            "self": 4981.508254599958,
                            "children": {
                                "SubprocessEnvManager._take_step": {
                                    "total": 919.9684633000197,
                                    "count": 502787,
                                    "self": 28.594995599970503,
                                    "children": {
                                        "TorchPolicy.evaluate": {
                                            "total": 891.3734677000492,
                                            "count": 500037,
                                            "self": 891.3734677000492
                                        }
                                    }
                                },
                                "workers": {
                                    "total": 7.780635200067717,
                                    "count": 502786,
                                    "self": 0.0,
                                    "children": {
                                        "worker_root": {
                                            "total": 6053.81863159976,
                                            "count": 502786,
                                            "is_parallel": true,
                                            "self": 1625.786781099644,
                                            "children": {
                                                "steps_from_proto": {
                                                    "total": 0.0006920000000025794,
                                                    "count": 2,
                                                    "is_parallel": true,