{
    "name": "root",
    "metadata": {
        "timer_format_version": "0.1.0",
        "start_time_seconds": "1711060540",
        "python_version": "3.9.13 (tags/v3.9.13:6de2ca5, May 17 2022, 16:36:42) [MSC v.1929 64 bit (AMD64)]",
        "command_line_arguments": "C:\\Users\\ewwes\\AppData\\Local\\Programs\\Python\\Python39\\Scripts\\mlagents-learn --resume",
        "mlagents_version": "1.0.0",
        "mlagents_envs_version": "1.0.0",
        "communication_protocol_version": "1.5.0",
        "pytorch_version": "2.2.1+cpu",
        "numpy_version": "1.21.2",
        "end_time_seconds": "1711060593"
    },
    "total": 53.0568394,
    "count": 1,
    "self": 10.005015200000003,
    "children": {
        "run_training.setup": {
            "total": 0.06053799999999998,
            "count": 1,
            "self": 0.06053799999999998
        },
        "TrainerController.start_learning": {
            "total": 42.9912862,
            "count": 1,
            "self": 0.023901299999948833,
            "children": {
                "TrainerController._reset_env": {
                    "total": 6.714732900000001,
                    "count": 1,
                    "self": 6.714732900000001
                },
                "TrainerController.advance": {
                    "total": 36.11949150000005,
                    "count": 1016,
                    "self": 0.021579799999997817,
                    "children": {
                        "env_step": {
                            "total": 35.99190330000001,
                            "count": 1016,
                            "self": 34.816627499999896,
                            "children": {
                                "SubprocessEnvManager._take_step": {
                                    "total": 1.1606928000000991,
                                    "count": 1017,
                                    "self": 0.08132650000012909,
                                    "children": {
                                        "TorchPolicy.evaluate": {
                                            "total": 1.07936629999997,
                                            "count": 1017,
                                            "self": 1.07936629999997
                                        }
                                    }
                                },
                                "workers": {
                                    "total": 0.014583000000017776,
                                    "count": 1015,
                                    "self": 0.0,
                                    "children": {
                                        "worker_root": {
                                            "total": 22.260142400000014,
                                            "count": 1015,
                                            "is_parallel": true,
                                            "self": 3.00543080000001,
                                            "children": {
                                                "steps_from_proto": {
                                                    "total": 0.0007654999999999745,
                                                    "count": 2,
                                                    "is_parallel": true,
                                                    "self": 0.00032439999999933633,
                                                    "children": {
                                                        "_process_rank_one_or_two_observation": {
                                                            "total": 0.0004411000000006382,
                                                            "count": 4,
                                                            "is_parallel": true,
                                                            "self": 0.0004411000000006382
                                                        }
                                                    }
                                                },
                                                "UnityEnvironment.step": {
                                                    "total": 19.253946100000004,
                                                    "count": 1015,
                                                    "is_parallel": true,
                                                    "self": 0.094167899999956,
                                                    "children": {
                                                        "UnityEnvironment._generate_step_input": {
                                                            "total": 0.0808511000000296,
                                                            "count": 1015,
                                                            "is_parallel": true,
                                                            "self": 0.0808511000000296
                                                        },
                                                        "communicator.exchange": {
                                                            "total": 18.841780099999976,
                                                            "count": 1015,
                                                            "is_parallel": true,
                                                            "self": 18.841780099999976
                                                        },
                                                        "steps_from_proto": {
                                                            "total": 0.23714700000004107,
                                                            "count": 1015,
                                                            "is_parallel": true,
                                                            "self": 0.11240390000005451,
                                                            "children": {
                                                                "_process_rank_one_or_two_observation": {
                                                                    "total": 0.12474309999998656,
                                                                    "count": 2030,
                                                                    "is_parallel": true,
                                                                    "self": 0.12474309999998656
                                                                }
                                                            }
                                                        }
                                                    }
                                                }
                                            }
                                        }
                                    }
                                }
                            }
                        },
                        "trainer_advance": {
                            "total": 0.10600840000004119,
                            "count": 1015,
                            "self": 0.026292500000028696,
                            "children": {
                                "process_trajectory": {
                                    "total": 0.0797159000000125,
                                    "count": 1015,
                                    "self": 0.0797159000000125
                                }
                            }
                        }
                    }
                },
                "trainer_threads": {
                    "total": 1.1999999998124622e-06,
                    "count": 1,
                    "self": 1.1999999998124622e-06
                },
                "TrainerController._save_models": {
                    "total": 0.13315929999999554,
                    "count": 1,
                    "self": 0.0015644999999935294,