{
    "name": "root",
    "metadata": {
        "timer_format_version": "0.1.0",
        "start_time_seconds": "1711064865",
        "python_version": "3.9.13 (tags/v3.9.13:6de2ca5, May 17 2022, 16:36:42) [MSC v.1929 64 bit (AMD64)]",
        "command_line_arguments": "C:\\Users\\leeju\\AppData\\Local\\Programs\\Python\\Python39\\Scripts\\mlagents-learn --resume",
        "mlagents_version": "1.0.0",
        "mlagents_envs_version": "1.0.0",
        "communication_protocol_version": "1.5.0",
        "pytorch_version": "2.2.1+cpu",
        "numpy_version": "1.21.2",
        "end_time_seconds": "1711064957"
    },
    "total": 92.5325907,
    "count": 1,
    "self": 0.0074965000000020154,
    "children": {
        "run_training.setup": {
            "total": 0.031396700000000166,
            "count": 1,
            "self": 0.031396700000000166
        },
        "TrainerController.start_learning": {
            "total": 92.4936975,
            "count": 1,
            "self": 0.03498959999997453,
            "children": {
                "TrainerController._reset_env": {
                    "total": 9.0650829,
                    "count": 1,
                    "self": 9.0650829
                },
                "TrainerController.advance": {
                    "total": 83.21654790000002,
                    "count": 1539,
                    "self": 0.03411260000002869,
                    "children": {
                        "env_step": {
                            "total": 83.0202179,
                            "count": 1539,
                            "self": 80.1181149000001,
                            "children": {
                                "SubprocessEnvManager._take_step": {
                                    "total": 2.8791998999999997,
                                    "count": 1539,
                                    "self": 0.08869440000001383,
                                    "children": {
                                        "TorchPolicy.evaluate": {
                                            "total": 2.790505499999986,
                                            "count": 1539,
                                            "self": 2.790505499999986
                                        }
                                    }
                                },
                                "workers": {
                                    "total": 0.02290309999991358,
                                    "count": 1538,
                                    "self": 0.0,
                                    "children": {
                                        "worker_root": {
                                            "total": 20.715649999999982,
                                            "count": 1538,
                                            "is_parallel": true,
                                            "self": 5.645416700000011,
                                            "children": {
                                                "steps_from_proto": {
                                                    "total": 0.00036459999999927106,
                                                    "count": 1,
                                                    "is_parallel": true,
                                                    "self": 0.00020069999999883237,
                                                    "children": {
                                                        "_process_rank_one_or_two_observation": {
                                                            "total": 0.0001639000000004387,
                                                            "count": 2,
                                                            "is_parallel": true,
                                                            "self": 0.0001639000000004387
                                                        }
                                                    }
                                                },
                                                "UnityEnvironment.step": {
                                                    "total": 15.069868699999972,
                                                    "count": 1538,
                                                    "is_parallel": true,
                                                    "self": 0.12729199999976792,
                                                    "children": {
                                                        "UnityEnvironment._generate_step_input": {
                                                            "total": 0.10762180000000399,
                                                            "count": 1538,
                                                            "is_parallel": true,
                                                            "self": 0.10762180000000399
                                                        },
                                                        "communicator.exchange": {
                                                            "total": 14.408895900000127,
                                                            "count": 1538,
                                                            "is_parallel": true,
                                                            "self": 14.408895900000127
                                                        },
                                                        "steps_from_proto": {
                                                            "total": 0.42605900000007324,
                                                            "count": 1538,
                                                            "is_parallel": true,
                                                            "self": 0.26475769999998633,
                                                            "children": {
                                                                "_process_rank_one_or_two_observation": {
                                                                    "total": 0.1613013000000869,
                                                                    "count": 3076,
                                                                    "is_parallel": true,
                                                                    "self": 0.1613013000000869
                                                                }
                                                            }
                                                        }
                                                    }
                                                }
                                            }
                                        }
                                    }
                                }
                            }
                        },
                        "trainer_advance": {
                            "total": 0.16221739999998874,
                            "count": 1538,
                            "self": 0.041873400000012495,
                            "children": {
                                "process_trajectory": {
                                    "total": 0.12034399999997625,
                                    "count": 1538,
                                    "self": 0.12034399999997625
                                }
                            }
                        }
                    }
                },
                "TrainerController._save_models": {
                    "total": 0.17707710000000532,
                    "count": 1,
                    "self": 0.009378900000001522,
                    "children": {
                        "RLTrainer._checkpoint": {
                            "total": 0.1676982000000038,
                            "count": 1,