{
    "name": "root",
    "metadata": {
        "timer_format_version": "0.1.0",
        "start_time_seconds": "1711638758",
        "python_version": "3.9.13 (tags/v3.9.13:6de2ca5, May 17 2022, 16:36:42) [MSC v.1929 64 bit (AMD64)]",
        "command_line_arguments": "C:\\Users\\ewwes\\AppData\\Local\\Programs\\Python\\Python39\\Scripts\\mlagents-learn --resume",
        "mlagents_version": "1.0.0",
        "mlagents_envs_version": "1.0.0",
        "communication_protocol_version": "1.5.0",
        "pytorch_version": "2.2.1+cpu",
        "numpy_version": "1.21.2",
        "end_time_seconds": "1711638888"
    },
    "total": 130.30603739999998,
    "count": 1,
    "self": 0.004328299999997398,
    "children": {
        "run_training.setup": {
            "total": 0.07928360000000012,
            "count": 1,
            "self": 0.07928360000000012
        },
        "TrainerController.start_learning": {
            "total": 130.22242549999999,
            "count": 1,
            "self": 0.06139179999988187,
            "children": {
                "TrainerController._reset_env": {
                    "total": 7.119195400000001,
                    "count": 1,
                    "self": 7.119195400000001
                },
                "TrainerController.advance": {
                    "total": 122.96575270000011,
                    "count": 3511,
                    "self": 0.05649600000002408,
                    "children": {
                        "env_step": {
                            "total": 122.63779200000005,
                            "count": 3511,
                            "self": 116.91770630000016,
                            "children": {
                                "SubprocessEnvManager._take_step": {
                                    "total": 5.681206599999916,
                                    "count": 3511,
                                    "self": 0.1696880999998296,
                                    "children": {
                                        "TorchPolicy.evaluate": {
                                            "total": 5.511518500000086,
                                            "count": 3505,
                                            "self": 5.511518500000086
                                        }
                                    }
                                },
                                "workers": {
                                    "total": 0.03887909999997596,
                                    "count": 3510,
                                    "self": 0.0,
                                    "children": {
                                        "worker_root": {
                                            "total": 61.16804480000006,
                                            "count": 3510,
                                            "is_parallel": true,
                                            "self": 9.726011100000058,
                                            "children": {
                                                "steps_from_proto": {
                                                    "total": 0.0002618999999999261,
                                                    "count": 1,
                                                    "is_parallel": true,
                                                    "self": 0.0001277000000001749,
                                                    "children": {
                                                        "_process_rank_one_or_two_observation": {
                                                            "total": 0.00013419999999975118,
                                                            "count": 2,
                                                            "is_parallel": true,
                                                            "self": 0.00013419999999975118
                                                        }
                                                    }
                                                },
                                                "UnityEnvironment.step": {
                                                    "total": 51.441771800000005,
                                                    "count": 3510,
                                                    "is_parallel": true,
                                                    "self": 0.2520598000005947,
                                                    "children": {
                                                        "UnityEnvironment._generate_step_input": {
                                                            "total": 0.2129535999997989,
                                                            "count": 3510,
                                                            "is_parallel": true,
                                                            "self": 0.2129535999997989
                                                        },
                                                        "communicator.exchange": {
                                                            "total": 50.14569029999981,
                                                            "count": 3510,
                                                            "is_parallel": true,
                                                            "self": 50.14569029999981
                                                        },
                                                        "steps_from_proto": {
                                                            "total": 0.8310680999997961,
                                                            "count": 3510,
                                                            "is_parallel": true,
                                                            "self": 0.4897237999999211,
                                                            "children": {
                                                                "_process_rank_one_or_two_observation": {
                                                                    "total": 0.34134429999987503,
                                                                    "count": 7020,
                                                                    "is_parallel": true,
                                                                    "self": 0.34134429999987503
                                                                }
                                                            }
                                                        }
                                                    }
                                                }
                                            }
                                        }
                                    }
                                }
                            }
                        },
                        "trainer_advance": {
                            "total": 0.2714647000000401,
                            "count": 3510,
                            "self": 0.07529949999975294,
                            "children": {
                                "process_trajectory": {
                                    "total": 0.19616520000028714,
                                    "count": 3510,
                                    "self": 0.19616520000028714
                                }
                            }
                        }
                    }
                },
                "TrainerController._save_models": {
                    "total": 0.07608559999999898,
                    "count": 1,
                    "self": 0.0007929999999873871,
                    "children": {
                        "RLTrainer._checkpoint": {
                            "total": 0.07529260000001159,
                            "count": 1,