{"count":1,"self":15.2639552,"total":19.6286392,"children":{"InitializeActuators":{"count":1,"self":0.0019676999999999997,"total":0.0019676999999999997,"children":null},"InitializeSensors":{"count":1,"self":0.0015086,"total":0.0015086,"children":null},"AgentSendState":{"count":14492,"self":0.065092299999999992,"total":1.9454401,"children":{"CollectObservations":{"count":13301,"self":1.8506032,"total":1.8506032,"children":null},"WriteActionMask":{"count":92,"self":0.00099859999999999988,"total":0.00099859999999999988,"children":null},"RequestDecision":{"count":92,"self":0.0060808999999999993,"total":0.028745999999999997,"children":{"AgentInfo.ToProto":{"count":92,"self":0.0020613999999999997,"total":0.0226651,"children":{"GenerateSensorData":{"count":92,"self":0.0206037,"total":0.0206037,"children":null}}}}}}},"DecideAction":{"count":1283,"self":1.9389821999999999,"total":1.9389821999999999,"children":null},"AgentAct":{"count":1283,"self":0.47438199999999997,"total":0.47438199999999997,"children":null},"AgentInfo.ToProto":{"count":10,"self":0,"total":0.0018659999999999998,"children":{"GenerateSensorData":{"count":10,"self":0.0018659999999999998,"total":0.0018659999999999998,"children":null}}}},"gauges":{"AI_Training_Player.CumulativeReward":{"count":10,"max":-8.799999,"min":-108.300262,"runningAverage":-39.8600578,"value":-108.300262,"weightedAverage":-47.28738}},"metadata":{"timer_format_version":"0.1.0","start_time_seconds":"1711932231","unity_version":"2022.3.12f1","command_line_arguments":"C:\\Program Files\\Unity\\Hub\\Editor\\2022.3.12f1\\Editor\\Unity.exe -projectpath C:\\Users\\leeju\\Documents\\GitHub\\AR-Mobile-Basketball-Unity-Project-Team--3 -useHub -hubIPC -cloudEnvironment production -licensingIpc LicenseClient-leeju -hubSessionId a4a5e02a-12b7-46e0-a04c-c17fd8bd81b9 -accessToken NWqbxii7OAh5grm7An54V_7tJ7jHRFx0tBt_cR3aE3Y003f","communication_protocol_version":"1.5.0","com.unity.ml-agents_version":"2.0.1","scene_name":"BasketballScene","end_time_seconds":"1711932251"}}